{"cameraMode":{"drawMode":0,"name":"Shaded","section":"Shading Mode"},"sceneLighting":true,"audioPlay":false,"sceneViewState":{"m_AlwaysRefresh":false,"showFog":true,"showSkybox":true,"showFlares":true,"showImageEffects":true,"showParticleSystems":true,"showVisualEffectGraphs":true,"m_FxEnabled":true},"in2DMode":false,"pivot":{"x":12.696386337280274,"y":2.3600003719329836,"z":14.65411376953125},"rotation":{"x":-0.001855075010098517,"y":0.9980743527412415,"z":-0.04944496229290962,"w":-0.037445444613695148},"size":1.7530741691589356,"orthographic":false}